ApplicationCursor,EdyCommonTools,3d9e09f1c6882b74180fed231f359912,-999825254
ApplicationQuit,EdyCommonTools,095b205c0eafeea409f041a1623a6eb5,-666385530
AttachToTarget,EdyCommonTools,b1dfaa9c9cee09d4c961e905b36c8d14,-1251889925
BindLocalRotation,EdyCommonTools,3159e1da49cc28d478f52f611542ffa6,-2024457084
CameraFovController,EdyCommonTools,f1d0f4afc3f812f45b44d3bb2599f6fb,1043272640
CameraFovInput,EdyCommonTools,d2b2f72b6943a30449aea2339790bc6e,1795760780
CameraShift,EdyCommonTools,91b1e3db66d661043bd65be7c2ceb6f5,-734392874
DebugBreak,EdyCommonTools,bab50042cef7311498169109d6e0531e,1124913824
DebugMeasureDistance,EdyCommonTools,b47705e81ac63d64e8aee0a35c6e8ec4,182429252
GroundMaterialManagerBase,VehiclePhysics,87329e53764e1314baadeff4f0f721c5,-1936310618
InputMappingAsset,VehiclePhysics.InputManagement,6be1fe049f0653944b4f0ccf3eaba1db,-323335549
LightGammaCorrection,EdyCommonTools,c886442a3537fc74dacd3f328ec922ba,-1180610167
MguTorqueMapContainerBase,VehiclePhysics,0718fbc2e16c9644091bc3db96f1358d,-904995291
MguTorqueMapStandardAsset,VehiclePhysics,90a233bd47e69df458e62ef34850cf78,-1694407517
PositionAttachTo,EdyCommonTools,ed6deba33e4b72746876f0234f936f8a,-1718223623
PositionController,EdyCommonTools,918433fc07da2e04280f704d14299184,1508113045
PositionInput,EdyCommonTools,9d10bd5d805306644a23214b51dac2c1,-142654988
ProjectPatchAsset,VehiclePhysics,cfbabf8f921a41d49976fcfcaeb362d9,-2027618162
RotationController,EdyCommonTools,3c62e1b0b3e816d488db1eab74ea4acb,-136585545
RotationInput,EdyCommonTools,98bb2e3f3eb9fc44fbac726c2f4de234,-480517802
RotationLookAt,EdyCommonTools,b1459b1dce39018429109e8ceed263a8,-1798808912
RuntimeCanvasBase,EdyCommonTools,0db16f5652981d24288fd1b144b103b7,109663549
ScaleController,EdyCommonTools,7ca68b211de86074483a4e29b1675f2a,313618600
SceneReload,EdyCommonTools,0552b0e68c7b6ce41b41e061626d0b9c,-201018527
SceneTools,EdyCommonTools,b8d799735176cd042b460a1e8534f4c1,-1425616161
ScreenBug,EdyCommonTools,776978c19873dae4da7d75ee5197e19a,-226696006
ScreenNotes,EdyCommonTools,7a3b408c34c594d4cb20d6646ff6d63e,1719399388
Spline,EdyCommonTools,83fe43e6fd450b2448d06a97a4353de9,-1363933994
SplineFollowAsset,EdyCommonTools,59447203bda909d44a68f26fdf5375b8,-1201554842
SplineFollower,EdyCommonTools,ca1ead9b7db929c49bef1d0e193be8fe,-1813656223
SplineFollowerChaser,EdyCommonTools,9b95fe62154784143aacb9d2fe99f4b7,1978075654
SplineFollowTrack,EdyCommonTools,9e87a7874d71ebe47951435220bb4072,-442164195
SplineRenderer,EdyCommonTools,c7796f3966ff60549a62437b91fb7a13,-807159335
TelemetryMultiLineGraphAsset,VehiclePhysics,25703f2dd864fb54d93f783344804586,1032675510
TelemetryTemplateAssetBase,VehiclePhysics,61f6edf4e4e10d6468b20fc64d3e9aef,-1193045087
TimeScale,EdyCommonTools,62eca4784f91df04f91139e8ac41ba79,-79557395
TireDataContainerBase,VehiclePhysics,43a68412f9144f649b757cb0180683f6,-269989367
TireDataLegacyAsset,VehiclePhysics,d0243d1d4d330854db455666d4172f7f,644582714
TireDataStandardAsset,VehiclePhysics,c36a9110595139d48bcfc70c981650c8,1881415547
VehicleBase,VehiclePhysics,538be77359ae7074bae8471c8b188612,-340780838
VehicleBehaviour,VehiclePhysics,4b9d0f0bfc7ae1645b4a4d8bf764e757,974945214
VPAdvancedDamper,VehiclePhysics,6af39085185b79c49b5c5b1a5da96b2a,-1544716085
VPAeroSurface,VehiclePhysics,8fc86fe83e5bbb44d8b1e41d9d7fa682,1257740466
VPAntiRollBar,VehiclePhysics,bc1fb48e788e43c4f825c1da67319778,-674611101
VPAudio,VehiclePhysics,4a1c759e0d91bed409e52347c7e98309,-843616963
VPAudioExtras,VehiclePhysics,38595450f8dfe374ea5eeef851ecc9e1,-23991241
VPBlockDebugger,VehiclePhysics,771a4e5c543ea6143b7497ab54804bb9,1288497391
VPCameraController,VehiclePhysics,31c17dbda55c464c851ed5286c1f25be,1403093141
VPCameraTarget,VehiclePhysics,8e2199b4aa224f8bbd29b3026878bf3b,-1603333029
VPCloneInput,VehiclePhysics,133ceb985cc7fd542a4bb6bf60907a6a,95162180
VPDamage,VehiclePhysics,0c169d3e204ba1d4f804e3fd4d0593bf,-1821324243
VPDeviceInput,VehiclePhysics,b8de60f39d8178b44bb00db8f413a01e,1679343879
VPDiagnosticsCharts,VehiclePhysics,46cc89dce797e9c40b45e9c9606ba51f,569498994
VPForceCones,VehiclePhysics,82a8dabd1886926439a134ba32714a99,-133266412
VPGroundMarksRenderer,VehiclePhysics,a2dc1328cc6391b448a2d97ffe953523,-350186736
VPGroundMaterialManager,VehiclePhysics,073b740080efc25499ec3105a1203613,1690163134
VPGroundParticleEmitter,VehiclePhysics,0e64278c9fad2d54283d4b17d863f062,1675751930
VPGroundRumbleEffect,VehiclePhysics,e6485470b0a97b743b8555c64db96649,874968675
VPHeadMotion,VehiclePhysics,1ddbe7965abe9904b9e9312d805201a7,163649085
VPInputManager,VehiclePhysics,518b89c2ba4b51f4694d57bae9fe060e,719988202
VPPedalDeviceInput,VehiclePhysics,37b0ac2d498c31a49a7cce9d658725dc,-993033714
VPPerformanceDisplay,VehiclePhysics,47a8a1cbd61ddd843a547206333223cc,-1839715734
VPProgressiveSuspension,VehiclePhysics,f63952b90b110dc4fbdeab3821bcd499,-751844543
VPRandomInput,VehiclePhysics,5dd3b46a058612749a4cb2e519dc00f8,1424895533
VPReplay,VehiclePhysics,92fdc054f77a1fe4a8e335470ab4db06,1105396638
VPReplayAsset,VehiclePhysics,44de36a1916b675468d96e1dc880d766,860513621
VPReplayController,VehiclePhysics,43b2ff35c5e93e040af409b51a5f2d4e,-661607178
VPResetVehicle,VehiclePhysics,969356865e36dfd4e907e263e088ccc3,1334591726
VPRollingFriction,VehiclePhysics,6ec90b9929b62054cb767a2d7b72e796,-1799796719
VPSegmentedSpeedGauge,VehiclePhysics,a658b2fda1240c547888e9e785fce0bf,1981216616
VPSettingsSwitcher,VehiclePhysics,b8f997cbe670eed44ac2f2490de981a9,-1864515290
VPShifterDeviceInput,VehiclePhysics,0dccba814fafeb9458522ca12e499ad5,363478482
VPStandardInput,VehiclePhysics,312b838d50c4cc04ab9e659baa6d99dc,541707468
VPSuspensionGraph,VehiclePhysics,97a8fb871d0c4f240911e67a2b08973b,1716058077
VPTelemetry,VehiclePhysics,9ca2610efa960004fa38289bb80d3bbb,-153239313
VPTelemetryDefaultProvider,VehiclePhysics,7a524479f2935b942af47630f2c56ef8,-301157081
VPTelemetryDisplay,VehiclePhysics,c381ec6f39f37f8488c0fde2dfa80cc6,-639118896
VPTelemetryTools,VehiclePhysics,53ca396ec6892ea43b99e1d0a97cc9f0,327772987
VPTireAudio,VehiclePhysics,f58da6fe50fd6be49b1929b558692228,1383621580
VPTireEffects,VehiclePhysics,78a6e74e08208914ea2cd6f760ff4033,-253657760
VPTireFrictionModifier,VehiclePhysics,56d7b909d02c46840b6768108673807d,1508848301
VPTireFrictionMultiplier,VehiclePhysics,a2705f56a47b08646bae167fde2dfa50,-1955708457
VPVehicleController,VehiclePhysics,0316ee017fd99a14ab4769f912cd5e50,-1898320663
VPVehicleInertia,VehiclePhysics,18a1a36e37225c34b8581fa561185544,-1991637208
VPVehicleInput,VehiclePhysics,75a3afc4259393641bf8898dca89ac25,428612210
VPVehicleJoint,VehiclePhysics,1058063ba93955646a55e1c35409d55a,-1686366195
VPVehicleToolkit,VehiclePhysics,99b581486a9c35649b92427bb4ce05b6,-1163079462
VPVisualEffects,VehiclePhysics,9acce3fa9b4fcb8478c29ae9f886ac83,-897142050
VPWeightMonitor,VehiclePhysics,90d2bba6c429c3046acb18051a200661,1621299329
VPWheelCollider,VehiclePhysics,9512eabe2d6219f478354297425440d1,1445780741
VPWheelDeviceInput,VehiclePhysics,c9ba189d23686b7429a68b30e3cb2924,-1526749824
VPWheelFrameMonitor,VehiclePhysics,c4c0f14ea8e281e4da0076fedfa4220c,1646900411
VPXboxInput,VehiclePhysics,e81ba9c6b60b07a4a8d78dd1ecbd8571,-187984727
